ケース	図形数(旧)	図形数(新)	差分行	注記以外の差分	区分
category_n3	19	19	0	0	既存
category_n6	31	31	0	0	既存
breakdown_n3	26	26	0	0	既存
breakdown_n7	46	46	0	0	既存
comparison_n2	34	34	0	0	既存
comparison_n3	47	47	0	0	既存
pyramid_n3	19	19	0	0	既存
pyramid_n5	27	27	0	0	既存
sequence_n3	24	24	0	0	既存
sequence_n6	42	42	0	0	既存
framework_n4	25	25	0	0	既存
framework_n9	45	45	0	0	既存
funnel_n3	19	19	0	0	既存
funnel_n6	31	31	0	0	既存
cycle_n3	20	20	0	0	既存
cycle_n6	32	32	0	0	既存
contrast_n2	16	16	0	0	既存
contrast_n2_long	16	16	0	0	既存
timeline_n3	27	27	0	0	既存
timeline_n7	51	51	0	0	既存
network_n3	18	18	0	0	既存
network_n7	34	34	0	0	既存
funnel_n6_short	31	31	0	0	既存
funnel_n6_long	31	31	0	0	既存
funnel_n6_dense_long	43	43	0	0	既存
funnel_n5_dense_long	38	38	0	0	既存
funnel_n6_noscore	31	31	0	0	既存
v371_n3_auto	27	27	0	0	既存
v371_n6_auto	44	44	0	0	既存
v371_n6_long_auto	44	44	0	0	既存
v371_n6_str	43	43	0	0	既存
v371_auto_nodense	31	31	0	0	既存
v371_title_collide	42	42	0	0	既存
v371_n4_auto_pct10	30	30	0	0	既存
v372_n3	19	20	1	0	追補
v372_n4	23	24	1	0	追補
v372_n5	27	28	1	0	追補
v372_n6_tight	31	32	1	0	追補
v372_n6_short	31	32	1	0	追補
v372_n6_dense	43	44	1	0	追補
v372_n6_dense_cum	44	45	1	0	追補
v372_mark	42	43	1	0	追補
v372_n3_long	25	26	1	0	追補
v372_n6_overflow	42	42	0	0	追補
