ケース	図形数(v17.2.13)	図形数(v17_216)	差分行	V37-3適用
category_n3	19	19	0	非該当
category_n6	31	31	0	非該当
breakdown_n3	26	26	0	非該当
breakdown_n7	46	46	0	非該当
comparison_n2	34	34	0	非該当
comparison_n3	47	47	0	非該当
pyramid_n3	19	19	0	非該当
pyramid_n5	27	27	0	非該当
sequence_n3	24	24	0	非該当
sequence_n6	42	42	0	非該当
framework_n4	25	25	0	非該当
framework_n9	45	45	0	非該当
funnel_n3	19	19	0	非該当
funnel_n6	31	31	22	適用
cycle_n3	20	20	0	非該当
cycle_n6	32	32	0	非該当
contrast_n2	16	16	0	非該当
contrast_n2_long	16	16	0	非該当
timeline_n3	27	27	0	非該当
timeline_n7	51	51	0	非該当
network_n3	18	18	0	非該当
network_n7	34	34	0	非該当
funnel_n6_short	31	31	0	非該当
funnel_n6_long	31	31	22	適用
funnel_n6_dense_long	43	43	34	適用
funnel_n5_dense_long	38	38	0	非該当
funnel_n6_noscore	31	31	22	適用
